t,u1,u2,zT1,zT2
0.0,0.0,1.0,1.3141886921911453e-08,2.4013349810474956e-08
0.00025,0.0,1.0,5.633533666371832e-08,5.7300905316398296e-08
0.0005,0.0,1.0,-4.849002640264261e-09,4.215796047093612e-08
0.00075,0.0,1.0,3.2718369339967365e-08,2.7282515624411742e-08
0.001,0.0,1.0,8.85324091802186e-09,3.78400965916727e-08
0.00125,0.0,1.0,3.0497735171850085e-08,7.186995455360905e-08
0.0015,0.0,1.0,1.859577251689699e-08,5.771387253792181e-08
0.00175,0.0,1.0,-2.586496835928026e-08,2.1164577045723328e-07
0.002,0.0,1.0,1.826470916902007e-08,2.0906548067137326e-07
0.0022500000000000003,0.0,1.0,-2.981949949987074e-09,1.6711006282361188e-07
0.0025,0.0,1.0,-4.174067429873073e-08,2.2343545291852762e-07
0.00275,0.0,1.0,2.0698049889353265e-09,2.870527791383538e-07
0.003,0.0,1.0,4.35484464247863e-08,4.0644849539320687e-07
0.0032500000000000003,0.0,1.0,5.5999313159299105e-08,3.932140678177813e-07
0.0035,0.0,1.0,8.597848403594752e-09,5.231141359945652e-07
0.00375,0.0,1.0,3.8777486752218845e-08,5.721805173651411e-07
0.004,0.0,1.0,7.131594398521414e-08,5.776092698688529e-07
0.00425,0.0,1.0,1.529036667723951e-07,6.004687048886164e-07
0.0045000000000000005,0.0,1.0,1.478530343806798e-07,6.12368075751961e-07
0.00475,0.0,1.0,1.1507218805556434e-07,7.122193062815548e-07
0.005,0.0,1.0,8.283337732595889e-08,7.850231080345599e-07
0.00525,0.0,1.0,1.4347234574277885e-07,8.200842452087039e-07
0.0055,0.0,1.0,1.6773396562927085e-07,8.646609269031019e-07
0.00575,0.0,1.0,2.0034383453681744e-07,9.374560018355995e-07
0.006,0.0,1.0,2.2444791370639554e-07,9.5917309355389e-07
0.00625,0.0,1.0,2.3243035166997553e-07,1.0104955249514844e-06
0.006500000000000001,0.0,1.0,2.3568722396337668e-07,1.1045338031781351e-06
0.00675,0.0,1.0,2.824283897017578e-07,1.10661217149672e-06
0.007,0.0,1.0,3.338803664864759e-07,1.1036580366328966e-06
0.00725,0.0,1.0,3.282436638356673e-07,1.1372404015237614e-06
0.0075,0.0,1.0,3.5966967282510275e-07,1.140126109487168e-06
0.00775,0.0,1.0,3.6445159202975475e-07,1.1702389977563879e-06
0.008,0.0,1.0,3.2586528420709917e-07,1.2565661555546722e-06
0.00825,0.0,1.0,3.611742802964578e-07,1.2061064238564592e-06
0.0085,0.0,1.0,4.899422874339288e-07,1.2972147330825065e-06
0.00875,0.0,1.0,5.071900313667093e-07,1.2964080272578862e-06
0.009000000000000001,0.0,1.0,5.649896505985622e-07,1.2758693730122524e-06
0.00925,0.0,1.0,5.620838490408309e-07,1.2544656277335493e-06
0.0095,0.0,1.0,5.643819959492286e-07,1.312399006781766e-06
0.00975,0.0,1.0,6.154576122062488e-07,1.2987910165996326e-06
0.01,0.0,1.0,5.52828290624246e-07,1.3071750923865666e-06
0.01025,0.0,1.0,5.802685948130073e-07,1.2963617715662126e-06
0.0105,0.0,1.0,6.514874523946731e-07,1.2906464009214966e-06
0.010750000000000001,0.0,1.0,6.082163971364171e-07,1.2979842035966914e-06
0.011,0.0,1.0,6.404241873022307e-07,1.2609943123670484e-06
0.01125,0.0,1.0,6.499012743932572e-07,1.2718725215702285e-06
0.0115,0.0,1.0,6.610874236658939e-07,1.258685892788202e-06
0.01175,0.0,1.0,6.398997766495283e-07,1.2305278797438376e-06
0.012,0.0,1.0,7.076172574082608e-07,1.2655199439669514e-06
0.01225,0.0,1.0,6.742956760448788e-07,1.234035652978343e-06
0.0125,0.0,1.0,7.199970419216735e-07,1.2088820343573291e-06
0.012750000000000001,0.0,1.0,6.692448518889588e-07,1.1583002051879509e-06
0.013000000000000001,0.0,1.0,6.334472381694473e-07,1.2121214933880056e-06
0.01325,0.0,1.0,6.305199270187325e-07,1.159964417271907e-06
0.0135,0.0,1.0,6.703470888938892e-07,1.1416809140628298e-06
0.01375,0.0,1.0,6.29439759251109e-07,1.1172961155090434e-06
0.014,0.0,1.0,5.782231790851464e-07,1.0558292818480533e-06
0.01425,0.0,1.0,5.958198341055772e-07,1.143185829864465e-06
0.0145,0.0,1.0,5.711401289034439e-07,1.1479764808014061e-06
0.014750000000000001,0.0,1.0,5.083491502009495e-07,1.1277995910381448e-06
0.015,0.0,1.0,5.706428730170234e-07,1.0924165606596657e-06
0.01525,0.0,1.0,5.193314085092769e-07,1.0940884072564064e-06
0.0155,0.0,1.0,4.7364763162980827e-07,1.021101655136266e-06
0.01575,0.0,1.0,4.181354921826143e-07,9.894671540027485e-07
0.016,0.0,1.0,4.0373909948507163e-07,9.939958337296835e-07
0.01625,0.0,1.0,3.815034246634708e-07,1.0003499730599832e-06
0.0165,0.0,1.0,3.331081368354289e-07,9.43725956797938e-07
0.01675,0.0,1.0,3.4812870443929764e-07,9.914924656105801e-07
0.017,0.0,1.0,3.035438226430964e-07,9.595972624454876e-07
0.01725,0.0,1.0,2.5963964868001897e-07,9.125554002520424e-07
0.0175,0.0,1.0,1.862791697022309e-07,8.586899258574161e-07
0.017750000000000002,0.0,1.0,2.1289724420515918e-07,8.975551386281323e-07
0.018000000000000002,0.0,1.0,1.6080364120607556e-07,8.387527036677474e-07
0.01825,0.0,1.0,2.0504959374983402e-07,8.123856535561365e-07
0.0185,0.0,1.0,8.285731465934183e-08,7.3685968240151e-07
0.01875,0.0,1.0,8.846387775850775e-08,8.161671244514746e-07
0.019,0.0,1.0,1.1397678269550197e-07,7.479432202105777e-07
0.01925,0.0,1.0,8.607906927434685e-08,7.653842037591407e-07
0.0195,0.0,1.0,-1.2296499925695286e-10,6.926755822251965e-07
0.01975,0.0,1.0,3.4393831567246324e-08,6.88822869355072e-07
0.02,0.0,1.0,3.920638222142706e-08,6.736016698551047e-07
0.02025,0.0,1.0,3.9281997285939843e-08,6.887264676919968e-07
0.0205,0.0,1.0,-3.901320991828008e-08,6.179315928441888e-07
0.02075,0.0,1.0,8.911310321305007e-09,6.085412874195864e-07
0.021,0.0,1.0,-1.4197812142412631e-08,5.828576632222558e-07
0.02125,0.0,1.0,-6.2923896107896044e-09,5.51283086205995e-07
0.021500000000000002,0.0,1.0,-1.2869257556083357e-08,5.921090653338173e-07
0.021750000000000002,0.0,1.0,-2.1104697026819858e-08,5.040234221603929e-07
0.022,0.0,1.0,-1.645915591621428e-09,5.094616003882885e-07
0.02225,0.0,1.0,-2.5113067087602125e-08,5.272233559508118e-07
0.0225,0.0,1.0,5.252489631137047e-09,5.527785654568784e-07
0.02275,0.0,1.0,-2.3173210695686522e-09,5.127101881391136e-07
0.023,0.0,1.0,-2.3963583508286113e-10,4.988472498857033e-07
0.02325,0.0,1.0,-1.77021313502219e-08,4.319379178256831e-07
0.0235,0.0,1.0,1.3242350371280327e-08,4.629972878643378e-07
0.02375,0.0,1.0,6.840606572338483e-08,4.867488285704768e-07
0.024,0.0,1.0,3.921398251692186e-08,4.209809439136496e-07
0.02425,0.0,1.0,4.6432211266154586e-08,4.836720733045424e-07
0.0245,0.0,1.0,1.07866374349936e-08,4.956119572139805e-07
0.02475,0.0,1.0,9.144070976305444e-08,5.060043627709373e-07
0.025,0.0,1.0,1.0372138263591027e-07,5.037078493764667e-07
0.02525,0.0,1.0,2.0609191962959473e-07,5.17980617790207e-07
0.025500000000000002,0.0,1.0,1.4096942854429735e-07,4.7542126022539496e-07
0.025750000000000002,0.0,1.0,1.340377438025746e-07,6.021526347350253e-07
0.026000000000000002,0.0,1.0,1.7455482264490776e-07,5.714892085647589e-07
0.02625,0.0,1.0,1.8684681154353277e-07,6.062063494227422e-07
0.0265,0.0,1.0,1.6805453168710389e-07,5.496441727587231e-07
0.02675,0.0,1.0,2.316225245763942e-07,6.205663299816255e-07
0.027,0.0,1.0,2.7701817090689383e-07,6.483177246318294e-07
0.02725,0.0,1.0,2.589304410214332e-07,6.48028431971215e-07
0.0275,0.0,1.0,2.3210162585400777e-07,7.526200666552852e-07
0.02775,0.0,1.0,2.731387253133396e-07,7.878216258761102e-07
0.028,0.0,1.0,2.7073734673502757e-07,7.226111023437967e-07
0.02825,0.0,1.0,3.50682378793092e-07,7.535511689435532e-07
0.0285,0.0,1.0,3.403165479650657e-07,8.109648683554669e-07
0.02875,0.0,1.0,3.397473123291807e-07,8.612003343366259e-07
0.029,0.0,1.0,3.4692054966339416e-07,8.087486595844498e-07
0.02925,0.0,1.0,3.47434661039667e-07,8.855703260369576e-07
0.029500000000000002,0.0,1.0,4.315470095590655e-07,9.77849914980884e-07
0.029750000000000002,0.0,1.0,4.0141517145741003e-07,9.590331325580776e-07
0.03,0.0,1.0,4.193886313281428e-07,9.740594232412985e-07
0.03025,0.0,1.0,4.728183920265104e-07,1.0275477039050808e-06
0.0305,0.0,1.0,4.092632618724965e-07,1.0130862572749445e-06
0.03075,0.0,1.0,4.5018807628103843e-07,1.028329862592432e-06
0.031,0.0,1.0,4.77002361161961e-07,1.0756670866705263e-06
0.03125,0.0,1.0,4.146007009077252e-07,1.1013838498887484e-06
0.0315,0.0,1.0,4.545734665582885e-07,1.1350444953630354e-06
0.03175,0.0,1.0,4.5423627514849193e-07,1.1524848758862875e-06
0.032,0.0,1.0,4.635392028619555e-07,1.1186135393333503e-06
0.03225,0.0,1.0,4.5964075723248063e-07,1.1359557901900538e-06
0.0325,0.0,1.0,5.440915767727254e-07,1.1810426901337474e-06
0.03275,0.0,1.0,4.5919001157260027e-07,1.1344777114832698e-06
0.033,0.0,1.0,4.098274471299476e-07,1.1993847333869095e-06
0.03325,0.0,1.0,5.204671678579108e-07,1.2107361544435661e-06
0.0335,0.0,1.0,5.114144362593538e-07,1.163706111918856e-06
0.03375,0.0,1.0,4.878387461232844e-07,1.156224249965113e-06
0.034,0.0,1.0,5.163129630896392e-07,1.204790155697221e-06
0.03425,0.0,1.0,4.872704461210202e-07,1.1728415603502551e-06
0.0345,0.0,1.0,4.6832320301301643e-07,1.1807760483973878e-06
0.03475,0.0,1.0,4.101317679007713e-07,1.2233183868143815e-06
0.035,0.0,1.0,4.714277264145571e-07,1.1871158143037255e-06
0.035250000000000004,0.0,1.0,4.3230031158529414e-07,1.1793280142262038e-06
0.035500000000000004,0.0,1.0,4.035945469287289e-07,1.1876339597795345e-06
0.035750000000000004,0.0,1.0,4.90493309821257e-07,1.12722367328567e-06
0.036000000000000004,0.0,1.0,3.773887073322736e-07,1.1392782497297327e-06
0.03625,0.0,1.0,4.338140644453717e-07,1.1045963067494473e-06
0.0365,0.0,1.0,3.9478377697881833e-07,1.1567342839279966e-06
0.03675,0.0,1.0,4.0598099202093753e-07,1.0525000420935739e-06
0.037,0.0,1.0,4.055133837082519e-07,1.036649249517616e-06
0.03725,0.0,1.0,4.182130552029014e-07,1.0275441348978688e-06
0.0375,0.0,1.0,3.536176391825821e-07,1.02655550128063e-06
0.03775,0.0,1.0,4.13190920344615e-07,9.74092076948718e-07
0.038,0.0,1.0,3.787211420809883e-07,1.0036868784464483e-06
0.03825,0.0,1.0,3.529714791206636e-07,9.518476202433895e-07
0.0385,0.0,1.0,3.507698387692221e-07,9.033940914320952e-07
0.03875,0.0,1.0,3.8143450237877044e-07,8.831798018710705e-07
0.039,0.0,1.0,2.482940803860734e-07,8.879534287224478e-07
0.03925,0.0,1.0,2.811185531595844e-07,8.330272958874122e-07
0.0395,0.0,1.0,2.819781012138559e-07,8.883647543889647e-07
0.03975,0.0,1.0,2.429483723553342e-07,8.578439708453933e-07
0.04,0.0,1.0,2.4422243427448896e-07,8.68210966392981e-07
0.04025,0.0,1.0,2.4881024179147086e-07,8.130121908868876e-07
0.0405,0.0,1.0,2.44878687763394e-07,7.690808410933948e-07
0.04075,0.0,1.0,2.1831150892607533e-07,8.233302167560449e-07
0.041,0.0,1.0,2.6916371237271083e-07,8.152528340324446e-07
0.04125,0.0,1.0,1.9709203344155877e-07,6.826714303928134e-07
0.0415,0.0,1.0,2.2215626735116926e-07,7.344448160149381e-07
0.04175,0.0,1.0,1.5035143403517668e-07,6.61954045858135e-07
0.042,0.0,1.0,1.781241438033928e-07,7.11291798434491e-07
0.04225,0.0,1.0,1.7158223298251177e-07,6.785012193662443e-07
0.0425,0.0,1.0,1.0016701138802464e-07,6.933024397465401e-07
0.04275,0.0,1.0,1.7631763420555309e-07,6.620831493580073e-07
0.043000000000000003,0.0,1.0,1.2379283721187025e-07,6.705839083202382e-07
0.043250000000000004,0.0,1.0,1.0643290414244461e-07,7.019654974129504e-07
0.043500000000000004,0.0,1.0,4.715121749094742e-08,6.328218429168906e-07
0.043750000000000004,0.0,1.0,1.5524964822118964e-07,6.466495861990792e-07
0.044,0.0,1.0,1.168597933617039e-07,6.071228202010953e-07
0.04425,0.0,1.0,1.1807211384741279e-07,6.532230469966591e-07
0.0445,0.0,1.0,1.0036803512890924e-07,6.222973577267632e-07
0.04475,0.0,1.0,1.155428490951876e-07,5.938733210076439e-07
0.045,0.0,1.0,1.3970010094637427e-07,6.565613229321663e-07
0.04525,0.0,1.0,8.406018966753388e-08,6.078962221275706e-07
0.0455,0.0,1.0,1.2473151497312054e-07,6.367829147486518e-07
0.04575,0.0,1.0,1.5847774968097242e-07,6.079436857218132e-07
0.046,0.0,1.0,1.135461816117276e-07,6.016867016468078e-07
0.04625,0.0,1.0,2.0914085900201835e-07,6.179391518026669e-07
0.0465,0.0,1.0,1.5941150534678305e-07,6.979699066107006e-07
0.04675,0.0,1.0,1.353989169155386e-07,6.591513912156204e-07
0.047,0.0,1.0,1.8940885339810286e-07,6.587109314855417e-07
0.04725,0.0,1.0,1.518517828476495e-07,6.850434555172443e-07
0.0475,0.0,1.0,9.560475515221036e-08,7.02016739900556e-07
0.04775,0.0,1.0,1.1693277030104544e-07,6.890901763790547e-07
0.048,0.0,1.0,1.8497800347632608e-07,7.047482997589358e-07
0.04825,0.0,1.0,2.0998009257300434e-07,7.688073778076757e-07
0.0485,0.0,1.0,1.6457905089634409e-07,7.575096912656134e-07
0.04875,0.0,1.0,2.121973251492753e-07,7.197224093653831e-07
0.049,0.0,1.0,2.391284220406272e-07,7.644825138303635e-07
0.04925,0.0,1.0,1.5990220330162975e-07,7.779299283423151e-07
0.0495,0.0,1.0,2.2491273679243092e-07,8.055720937200405e-07
0.04975,0.0,1.0,2.1736696807785544e-07,7.650046777942528e-07
0.05,0.0,1.0,2.619357988603931e-07,8.074100030557958e-07
0.05025,0.0,1.0,2.7799747111887415e-07,7.948118016566766e-07
0.0505,0.0,1.0,2.4946374861074406e-07,8.160039764384107e-07
0.05075,0.0,1.0,3.129162200297818e-07,7.946826249708542e-07
0.051000000000000004,0.0,1.0,3.21366989756185e-07,8.35569554844776e-07
0.051250000000000004,0.0,1.0,2.870582755924862e-07,8.902804449806564e-07
0.051500000000000004,0.0,1.0,3.03809164285531e-07,9.081123260898261e-07
0.051750000000000004,0.0,1.0,3.782655226017716e-07,9.458835774406688e-07
0.052000000000000005,0.0,1.0,3.758376764627147e-07,9.094477939342732e-07
0.05225,0.0,1.0,3.572488861369142e-07,8.888951690577749e-07
0.0525,0.0,1.0,3.839035404872688e-07,9.236751173165348e-07
0.05275,0.0,1.0,3.903007149067566e-07,8.851301163761958e-07
0.053,0.0,1.0,3.985715297507498e-07,9.375141968411985e-07
0.05325,0.0,1.0,3.956463655937185e-07,9.290637609336439e-07
0.0535,0.0,1.0,4.3585131145246914e-07,9.957447350196804e-07
0.05375,0.0,1.0,3.8092265198933806e-07,9.9916493316723e-07
0.054,0.0,1.0,3.8962753090814284e-07,1.0119091628737647e-06
0.05425,0.0,1.0,3.9553499703773454e-07,1.0206997889413216e-06
0.0545,0.0,1.0,4.307185491879228e-07,9.915319980583542e-07
0.05475,0.0,1.0,4.5638355296950664e-07,1.03504215379825e-06
0.055,0.0,1.0,4.148042690165225e-07,1.0089671525442403e-06
0.05525,0.0,1.0,4.2171830692655117e-07,1.0367702764595322e-06
0.0555,0.0,1.0,4.973536194883836e-07,1.057223542852179e-06
0.05575,0.0,1.0,3.871862780147915e-07,1.0156595244980535e-06
0.056,0.0,1.0,4.5747720227853297e-07,1.065477553432439e-06
0.05625,0.0,1.0,4.4328487737808554e-07,9.86271601547315e-07
0.0565,0.0,1.0,4.259184995572826e-07,1.033645645529753e-06
0.05675,0.0,1.0,3.817858609446034e-07,1.0804564012948551e-06
0.057,0.0,1.0,4.233051239750374e-07,9.715427739789348e-07
0.05725,0.0,1.0,4.3768593429232e-07,1.0641235917820622e-06
0.0575,0.0,1.0,3.756203584701665e-07,1.0115502717113462e-06
0.05775,0.0,1.0,4.04203871838437e-07,1.0254057182041137e-06
0.058,0.0,1.0,4.0431008137562187e-07,1.0357181917652336e-06
0.05825,0.0,1.0,3.989096971870357e-07,1.0042441280954986e-06
0.0585,0.0,1.0,3.6691317340445486e-07,9.664515502786745e-07
0.058750000000000004,0.0,1.0,3.3243532318689264e-07,9.776625167584938e-07
0.059000000000000004,0.0,1.0,3.800139380807569e-07,1.0060915137574694e-06
0.059250000000000004,0.0,1.0,3.722679793747692e-07,9.939785797156302e-07
0.059500000000000004,0.0,1.0,3.527359069995442e-07,9.746132437024932e-07
0.059750000000000004,0.0,1.0,3.3274159278357616e-07,9.822826589251456e-07
0.06,0.0,1.0,3.380472829130485e-07,9.759530024978693e-07
0.06025,0.0,1.0,2.9857633794003406e-07,9.303299669531686e-07
0.0605,0.0,1.0,2.9109704764852145e-07,9.215195892603476e-07
0.06075,0.0,1.0,2.542385432070461e-07,9.395846526165702e-07
0.061,0.0,1.0,3.0972759082010455e-07,8.776153082868576e-07
0.06125,0.0,1.0,3.232404433039287e-07,8.798644973578013e-07
0.0615,0.0,1.0,2.9113480065044945e-07,9.298975123835046e-07
0.06175,0.0,1.0,2.458365686007633e-07,8.521435738185311e-07
0.062,0.0,1.0,2.5263216257413086e-07,8.384421692713187e-07
0.06225,0.0,1.0,2.677161767319823e-07,8.752479447194885e-07
0.0625,0.0,1.0,2.4146062013814463e-07,8.389702613101456e-07
0.06275,0.0,1.0,2.3778978436659948e-07,7.969321956356189e-07
0.063,0.0,1.0,2.1970793217491828e-07,7.93245299602478e-07
0.06325,0.0,1.0,2.732383363081006e-07,7.657446216412141e-07
0.0635,0.0,1.0,2.858784244716344e-07,7.877112327125679e-07
0.06375,0.0,1.0,2.2280858307716808e-07,7.981446795590279e-07
0.064,0.0,1.0,1.85729022877673e-07,8.161312083279104e-07
0.06425,0.0,1.0,2.1381424380198053e-07,7.183897387557008e-07
0.0645,0.0,1.0,1.7147632180335502e-07,7.643008786449575e-07
0.06475,0.0,1.0,2.250152133873525e-07,7.603774260088524e-07
0.065,0.0,1.0,1.8860454976516863e-07,7.393556886710672e-07
0.06525,0.0,1.0,1.8821809990612195e-07,7.390218091147765e-07
0.0655,0.0,1.0,1.5136712881296528e-07,7.829735780407867e-07
0.06575,0.0,1.0,2.1658020272551404e-07,7.028827814600873e-07
0.066,0.0,1.0,1.4499589392857813e-07,6.724600013649174e-07
0.06625,0.0,1.0,1.5037366251872931e-07,7.713403452899423e-07
0.0665,0.0,1.0,1.850416817340565e-07,7.034484689613268e-07
0.06675,0.0,1.0,2.1641868842442058e-07,8.105315159658625e-07
0.067,0.0,1.0,1.660472488888272e-07,7.288608574930497e-07
0.06725,0.0,1.0,1.3788523568016986e-07,7.365693757135718e-07
0.0675,0.0,1.0,2.2195608760084044e-07,6.918972646771473e-07
0.06775,0.0,1.0,1.8445013877680112e-07,6.664822131796293e-07
0.068,0.0,1.0,1.5500941004947587e-07,6.810960260182325e-07
0.06825,0.0,1.0,1.7023687850377152e-07,6.59313529693273e-07
0.0685,0.0,1.0,1.782786648809483e-07,6.998420089920369e-07
0.06875,0.0,1.0,2.3301448301467135e-07,7.154598451950043e-07
0.069,0.0,1.0,1.9467656001255823e-07,7.019818211799717e-07
0.06925,0.0,1.0,2.4993346862681094e-07,6.932106590605743e-07
0.0695,0.0,1.0,2.3129127272755896e-07,7.079409419415498e-07
0.06975,0.0,1.0,1.5688065184355367e-07,7.173928094838578e-07
0.07,0.0,1.0,1.9511656537659468e-07,7.38924250275432e-07
0.07025,0.0,1.0,2.007033759571532e-07,7.008226416372698e-07
0.07050000000000001,0.0,1.0,2.6785613799197705e-07,7.333057608830558e-07
0.07075000000000001,0.0,1.0,2.382785386495818e-07,7.955975456665828e-07
0.07100000000000001,0.0,1.0,2.0380210692000907e-07,7.341552827856392e-07
0.07125000000000001,0.0,1.0,2.6348531687360955e-07,7.652290785119853e-07
0.07150000000000001,0.0,1.0,2.5108983360705865e-07,7.951210837557642e-07
0.07175000000000001,0.0,1.0,2.2322642889116864e-07,8.01536387400684e-07
0.07200000000000001,0.0,1.0,2.1783391067928854e-07,7.98780208858139e-07
0.07225,0.0,1.0,2.278358029985961e-07,7.679208644796959e-07
0.0725,0.0,1.0,2.7041801643954955e-07,8.548264482917932e-07
0.07275,0.0,1.0,2.769115465630134e-07,7.857245358853327e-07
0.073,0.0,1.0,3.101676463693236e-07,8.947619719807223e-07
0.07325,0.0,1.0,3.112115238882603e-07,8.515922795051243e-07
0.0735,0.0,1.0,3.4400712269572815e-07,8.668660548568204e-07
0.07375,0.0,1.0,3.050356448820769e-07,9.024736816581582e-07
0.074,0.0,1.0,3.1657942160349516e-07,8.895221163008462e-07
0.07425,0.0,1.0,3.5373456818453733e-07,8.376836065215083e-07
0.0745,0.0,1.0,3.4653779380691346e-07,8.798630467924916e-07
0.07475,0.0,1.0,3.3237183409021376e-07,8.741545547729347e-07
0.075,0.0,1.0,2.8812990544724785e-07,9.58511238208835e-07
0.07525,0.0,1.0,3.379487469400732e-07,8.731231007083383e-07
0.0755,0.0,1.0,3.4043730619391524e-07,9.487455037445489e-07
0.07575,0.0,1.0,3.899997922760598e-07,9.6369423047724e-07
0.076,0.0,1.0,3.935738358121427e-07,9.41302072095029e-07
0.07625,0.0,1.0,3.667357514235691e-07,9.961633968816148e-07
0.0765,0.0,1.0,4.011219693745926e-07,9.433887128436048e-07
0.07675,0.0,1.0,3.36642117267952e-07,9.640835177898398e-07
0.077,0.0,1.0,3.547568245696244e-07,1.011810015465288e-06
0.07725,0.0,1.0,3.569640648889964e-07,9.529020678974073e-07
0.0775,0.0,1.0,3.778037058344698e-07,9.789350154540803e-07
0.07775,0.0,1.0,3.711746716324976e-07,9.400301471162321e-07
0.078,0.0,1.0,3.669633584893569e-07,9.363245673870245e-07
0.07825,0.0,1.0,3.4350352478083594e-07,9.296464945211608e-07
0.0785,0.0,1.0,3.5201618330132924e-07,9.255967491884323e-07
0.07875,0.0,1.0,3.5188063628124265e-07,9.319684283086507e-07
0.079,0.0,1.0,3.920632871600769e-07,8.877482295356895e-07
0.07925,0.0,1.0,3.682015556237465e-07,9.217894355770372e-07
0.0795,0.0,1.0,3.5753181308572726e-07,9.570345675875048e-07
0.07975,0.0,1.0,3.969817203424073e-07,9.004669474744795e-07
0.08,0.0,1.0,3.4289203543804075e-07,1.0323508398400834e-06
0.08025,0.0,1.0,3.7164072705011783e-07,9.426420208893293e-07
0.0805,0.0,1.0,3.947449370868439e-07,9.585771754749508e-07
0.08075,0.0,1.0,3.73739429922153e-07,9.708754899267021e-07
0.081,0.0,1.0,3.4736289907867903e-07,9.7624616789081e-07
0.08125,0.0,1.0,3.459157199732643e-07,8.986708920731047e-07
0.0815,0.0,1.0,3.2313357912825876e-07,9.276141648652955e-07
0.08175,0.0,1.0,3.204385364596895e-07,8.9015094773603e-07
0.082,0.0,1.0,3.214952603200184e-07,9.213195832717155e-07
0.08225,0.0,1.0,3.001456399311812e-07,8.864757867016124e-07
0.0825,0.0,1.0,3.261665955350919e-07,8.696830939848157e-07
0.08275,0.0,1.0,3.1646811405422955e-07,8.412600271130723e-07
0.083,0.0,1.0,3.0459951096180955e-07,8.902605247133467e-07
0.08325,0.0,1.0,3.317397928267433e-07,8.612777536759065e-07
0.0835,0.0,1.0,2.6095581925581634e-07,8.819472175504894e-07
0.08375,0.0,1.0,2.739622646005028e-07,8.865214234113266e-07
0.084,0.0,1.0,2.8058764098429375e-07,8.95733329566293e-07
0.08425,0.0,1.0,2.6242516078626704e-07,8.353259727534308e-07
0.0845,0.0,1.0,3.005489881583846e-07,9.002274080034113e-07
0.08475,0.0,1.0,2.2680324469079855e-07,8.761755727819226e-07
0.085,0.0,1.0,2.6697831928256306e-07,8.432774874689259e-07
0.08525,0.0,1.0,2.4413640123486385e-07,8.299522393643685e-07
0.0855,0.0,1.0,2.3285767115778165e-07,8.213806962157338e-07
0.08575,0.0,1.0,2.142571664852368e-07,8.289031296220245e-07
0.08600000000000001,0.0,1.0,2.2562041977196456e-07,8.23190714220876e-07
0.08625000000000001,0.0,1.0,2.3512446447535597e-07,8.34881431297254e-07
0.08650000000000001,0.0,1.0,2.7811107031406876e-07,8.613133263659329e-07
0.08675000000000001,0.0,1.0,1.757676812147241e-07,7.914275116362911e-07
0.08700000000000001,0.0,1.0,2.1860870052881013e-07,7.647715415505498e-07
0.08725000000000001,0.0,1.0,2.36456982542722e-07,7.575419893654974e-07
0.08750000000000001,0.0,1.0,2.446439762256216e-07,7.782977771955434e-07
0.08775000000000001,0.0,1.0,2.165984708973072e-07,7.673349107610715e-07
0.088,0.0,1.0,2.2687606937330583e-07,7.386772157967331e-07
0.08825,0.0,1.0,2.2459853776585876e-07,7.697328394794606e-07
0.0885,0.0,1.0,2.3248620118464233e-07,7.8007727189398e-07
0.08875,0.0,1.0,2.581882103069338e-07,8.098160081348053e-07
0.089,0.0,1.0,2.3574673695582307e-07,7.833853182144991e-07
0.08925,0.0,1.0,2.1712567743733007e-07,7.474297507691327e-07
0.0895,0.0,1.0,2.0983964325420232e-07,7.739520175584864e-07
0.08975,0.0,1.0,1.4891175972538838e-07,8.651166042317802e-07
0.09,0.0,1.0,2.5714052870658895e-07,7.892487412905827e-07
0.09025,0.0,1.0,1.9658915943696639e-07,7.533118275971577e-07
0.0905,0.0,1.0,2.3837648907046257e-07,7.353160008100974e-07
0.09075,0.0,1.0,1.629226156384363e-07,8.044587866190393e-07
0.091,0.0,1.0,1.8838867108641685e-07,7.344153279135929e-07
0.09125,0.0,1.0,1.885437265586018e-07,7.875520526661998e-07
0.0915,0.0,1.0,2.688010385258618e-07,7.430468545111189e-07
0.09175,0.0,1.0,2.3815703666334324e-07,8.023780713524779e-07
0.092,0.0,1.0,1.7438379252778554e-07,7.851696122284912e-07
0.09225,0.0,1.0,2.4463119130987966e-07,8.054885796610439e-07
0.0925,0.0,1.0,2.517009183547448e-07,7.712564970014765e-07
0.09275,0.0,1.0,2.409588868838955e-07,8.442910380334264e-07
0.093,0.0,1.0,2.7093120089695317e-07,8.0223371662186e-07
0.09325,0.0,1.0,2.792734013451154e-07,8.269145436606899e-07
0.0935,0.0,1.0,2.591918473770721e-07,8.327296367721619e-07
0.09375,0.0,1.0,2.800275134604298e-07,7.617272140382058e-07
0.094,0.0,1.0,2.1992956572983974e-07,8.182861610304955e-07
0.09425,0.0,1.0,2.507440020365964e-07,8.582916961247484e-07
0.0945,0.0,1.0,2.667181012477952e-07,8.487784036699415e-07
0.09475,0.0,1.0,2.7172996514736477e-07,8.145493982644264e-07
0.095,0.0,1.0,2.8115392935912414e-07,8.476119413810791e-07
0.09525,0.0,1.0,2.836417261965673e-07,8.51811273429884e-07
0.0955,0.0,1.0,3.5251021426553467e-07,8.906479144448073e-07
0.09575,0.0,1.0,2.607285492694328e-07,9.351699407860225e-07
0.096,0.0,1.0,3.830328869616964e-07,8.787173203437172e-07
0.09625,0.0,1.0,3.16858751230963e-07,9.062341708133498e-07
0.0965,0.0,1.0,3.329441625342141e-07,8.451352947393119e-07
0.09675,0.0,1.0,2.793920030959485e-07,8.402885830780169e-07
0.097,0.0,1.0,3.358196896388404e-07,8.944539159956863e-07
0.09725,0.0,1.0,3.1468301381612364e-07,9.007860989615013e-07
0.0975,0.0,1.0,2.797883985448945e-07,9.526148369521656e-07
0.09775,0.0,1.0,2.9490222573255205e-07,9.061282607915005e-07
0.098,0.0,1.0,3.2447881054373594e-07,9.293735410377295e-07
0.09825,0.0,1.0,3.097628468808819e-07,9.04833106813839e-07
0.0985,0.0,1.0,2.935227732175514e-07,8.900954862070926e-07
0.09875,0.0,1.0,3.523147906499539e-07,8.260915557895509e-07
0.099,0.0,1.0,3.137226238205483e-07,9.45498849624414e-07
0.09925,0.0,1.0,3.27386149688008e-07,9.143194330982168e-07
0.0995,0.0,1.0,3.772480540034013e-07,8.911206026195808e-07
0.09975,0.0,1.0,2.957013425247369e-07,8.9977228770292e-07
0.1,0.0,1.0,3.051386070192962e-07,9.602034591865258e-07
0.10025,0.0,1.0,3.6202380226601274e-07,9.55556883143974e-07
0.1005,0.0,1.0,3.3017624141027325e-07,8.553570199363155e-07
0.10075,0.0,1.0,3.4687764124921796e-07,9.358364325249576e-07
0.101,0.0,1.0,3.4055367391817424e-07,9.229558375681496e-07
0.10125,0.0,1.0,3.45970756725122e-07,9.463264775094621e-07
0.1015,0.0,1.0,3.3558864957788015e-07,9.647901914023226e-07
0.10175000000000001,0.0,1.0,3.266574127261861e-07,8.700311386281428e-07
0.10200000000000001,0.0,1.0,3.279830282569818e-07,9.551051529580972e-07
0.10225000000000001,0.0,1.0,3.5686167040326805e-07,9.627755806719742e-07
0.10250000000000001,0.0,1.0,3.075317602953334e-07,9.471622583958612e-07
0.10275000000000001,0.0,1.0,2.984776674091167e-07,9.065026803503477e-07
0.10300000000000001,0.0,1.0,3.1746682949015386e-07,9.018294479846129e-07
0.10325000000000001,0.0,1.0,3.3198630189154884e-07,8.963003828095039e-07
0.10350000000000001,0.0,1.0,2.9796200035018354e-07,8.969752263386968e-07
0.10375000000000001,0.0,1.0,2.8143730634086075e-07,9.26826569267485e-07
0.10400000000000001,0.0,1.0,3.068614333368564e-07,9.337244773486382e-07
0.10425,0.0,1.0,3.011041031545055e-07,9.353493905563698e-07
0.1045,0.0,1.0,3.1759174020617283e-07,8.90240456203109e-07
0.10475,0.0,1.0,3.0849668788916573e-07,8.722533127465006e-07
0.105,0.0,1.0,3.253768771650276e-07,8.893004114826902e-07
0.10525,0.0,1.0,3.311123149297284e-07,9.603281626945465e-07
0.1055,0.0,1.0,2.875336393923623e-07,8.770436835606689e-07
0.10575,0.0,1.0,2.686711568266522e-07,8.41104895260458e-07
0.106,0.0,1.0,3.184227648705649e-07,8.735185719141476e-07
0.10625,0.0,1.0,2.5817334731893946e-07,9.20925264110847e-07
0.1065,0.0,1.0,3.462268820696442e-07,8.015643505554118e-07
0.10675,0.0,1.0,3.2485067006328315e-07,8.395892587248163e-07
0.107,0.0,1.0,2.5699437185303116e-07,8.651674384143185e-07
0.10725,0.0,1.0,2.526122058726627e-07,8.021949291815866e-07
0.1075,0.0,1.0,2.7788696738581664e-07,8.916648939231078e-07
0.10775,0.0,1.0,2.487351249891764e-07,7.969416137656222e-07
0.108,0.0,1.0,2.7589982539420244e-07,8.394488816355986e-07
0.10825,0.0,1.0,2.461256867114132e-07,7.847251748566219e-07
0.1085,0.0,1.0,2.711054275304057e-07,8.460867847671031e-07
0.10875,0.0,1.0,2.7846960340256974e-07,8.349519255709514e-07
0.109,0.0,1.0,2.5349412907862035e-07,8.243940084575828e-07
0.10925,0.0,1.0,2.118762774742458e-07,8.399356970401709e-07
0.1095,0.0,1.0,2.2952498450300367e-07,7.955007075053377e-07
0.10975,0.0,1.0,2.4318323400562214e-07,8.089024839427717e-07
0.11,0.0,1.0,2.2574641634773912e-07,7.527600993345958e-07
0.11025,0.0,1.0,2.76026015030174e-07,7.807029294515459e-07
0.1105,0.0,1.0,2.7263364903405546e-07,8.049564734251418e-07
0.11075,0.0,1.0,2.983454352921001e-07,7.669031252616507e-07
0.111,0.0,1.0,2.493093306585762e-07,8.454446739958301e-07
0.11125,0.0,1.0,2.3250238789159247e-07,8.144582994939518e-07
0.1115,0.0,1.0,2.3284229442120632e-07,7.801945413659911e-07
0.11175,0.0,1.0,2.3114377498849245e-07,8.009638413134183e-07
0.112,0.0,1.0,2.3169363205023514e-07,7.573450481981118e-07
0.11225,0.0,1.0,1.964636829438267e-07,7.857820235085895e-07
0.1125,0.0,1.0,2.3464609902381675e-07,8.11777139821348e-07
0.11275,0.0,1.0,2.0721438497852945e-07,8.297064959242392e-07
0.113,0.0,1.0,2.422275787255528e-07,7.705434623386821e-07
0.11325,0.0,1.0,2.2952959478335452e-07,7.819568905607643e-07
0.1135,0.0,1.0,2.418762254542025e-07,8.209040236009602e-07
0.11375,0.0,1.0,2.3085903756245314e-07,8.032397601846867e-07
0.114,0.0,1.0,2.637927042727465e-07,7.728480372620314e-07
0.11425,0.0,1.0,2.412853115101888e-07,8.556139697097116e-07
0.1145,0.0,1.0,2.585066470516449e-07,7.991002127885623e-07
0.11475,0.0,1.0,3.2204381898828297e-07,8.633102708493258e-07
0.115,0.0,1.0,2.645465171103026e-07,8.258261379636341e-07
0.11525,0.0,1.0,2.7962143381210816e-07,8.29119483332483e-07
0.1155,0.0,1.0,2.807410391124884e-07,8.226228495073454e-07
0.11575,0.0,1.0,2.8066816039692486e-07,8.243574547661554e-07
0.116,0.0,1.0,3.2554145426120794e-07,8.623256192567931e-07
0.11625,0.0,1.0,2.2667832639919856e-07,8.351914392755057e-07
0.1165,0.0,1.0,2.4215923688766546e-07,8.223552921933977e-07
0.11675,0.0,1.0,2.6717455716972136e-07,8.607546243575318e-07
0.117,0.0,1.0,2.910886289946858e-07,8.602377676572526e-07
0.11725000000000001,0.0,1.0,2.7220753189532237e-07,8.768606192805996e-07
0.11750000000000001,0.0,1.0,2.8345727134209874e-07,8.508053855216295e-07
0.11775000000000001,0.0,1.0,3.031873822047576e-07,8.761077286448784e-07
0.11800000000000001,0.0,1.0,2.5594753624857e-07,8.281057441428924e-07
0.11825000000000001,0.0,1.0,3.0480328460859723e-07,8.328829402654691e-07
0.11850000000000001,0.0,1.0,2.781544972991123e-07,8.612359799187044e-07
0.11875000000000001,0.0,1.0,3.259375845328458e-07,8.796776590650749e-07
0.11900000000000001,0.0,1.0,3.668006891624237e-07,8.700308714546136e-07
0.11925000000000001,0.0,1.0,3.0360408943281944e-07,8.85837802719939e-07
0.11950000000000001,0.0,1.0,2.9569334345914413e-07,8.930018505137365e-07
0.11975000000000001,0.0,1.0,2.9981888143974114e-07,8.890461896676599e-07
0.12,0.0,1.0,2.538777981832086e-07,9.196658260381268e-07
0.12025,0.0,1.0,3.3893066583518953e-07,8.846067878469585e-07
0.1205,0.0,1.0,3.3052564380977113e-07,8.636528978753842e-07
0.12075,0.0,1.0,2.6567141394178657e-07,8.659539929250278e-07
0.121,0.0,1.0,3.0448972745757864e-07,9.122424890510236e-07
0.12125,0.0,1.0,2.896340901059304e-07,9.175113606208388e-07
0.1215,0.0,1.0,3.208903299361807e-07,8.958227975915328e-07
0.12175,0.0,1.0,2.961414565431536e-07,8.545721203208355e-07
0.122,0.0,1.0,2.7956176306671617e-07,8.423922525938744e-07
0.12225,0.0,1.0,3.2795831902266085e-07,8.804295396143065e-07
0.1225,0.0,1.0,3.758760374901123e-07,8.894610132328916e-07
0.12275,0.0,1.0,3.114103518270026e-07,9.152123323052927e-07
0.123,0.0,1.0,3.237374716101462e-07,9.108750461898299e-07
0.12325,0.0,1.0,2.640981435862933e-07,8.850872397702384e-07
0.1235,0.0,1.0,3.1105849382676887e-07,9.015032626169504e-07
0.12375,0.0,1.0,3.251441235816713e-07,9.119198560217488e-07
0.124,0.0,1.0,3.5470952398320455e-07,8.848746761615526e-07
0.12425,0.0,1.0,3.50751481919448e-07,9.235772972362078e-07
0.1245,0.0,1.0,3.4130802924006086e-07,9.34267568425683e-07
0.12475,0.0,1.0,2.677143105011845e-07,9.186562001763677e-07
0.125,0.0,1.0,3.859351216420925e-07,9.037868330679438e-07
0.12525,0.0,1.0,2.947936700719367e-07,8.946955520140081e-07
0.1255,0.0,1.0,3.073717141859755e-07,9.120638859377927e-07
0.12575,0.0,1.0,3.077147666987484e-07,8.328622422612064e-07
0.126,0.0,1.0,2.6252735301972167e-07,9.141533746332873e-07
0.12625,0.0,1.0,2.627437745693467e-07,8.611699067328325e-07
0.1265,0.0,1.0,2.598569667608977e-07,9.118864196279701e-07
0.12675,0.0,1.0,2.9831701768022094e-07,9.017366474443112e-07
0.127,0.0,1.0,2.62520744821802e-07,8.656225022597508e-07
0.12725,0.0,1.0,2.705662303557054e-07,9.180207636598076e-07
0.1275,0.0,1.0,2.831071383231666e-07,8.410325901090021e-07
0.12775,0.0,1.0,3.2362554641570925e-07,8.771551079380731e-07
0.128,0.0,1.0,3.055802620574116e-07,9.206845109709648e-07
0.12825,0.0,1.0,2.3286759595596014e-07,8.710582056555857e-07
0.1285,0.0,1.0,2.721823074155584e-07,8.799610502172205e-07
0.12875,0.0,1.0,3.44723748257339e-07,8.654104590905915e-07
0.129,0.0,1.0,2.8586146798792615e-07,7.973735462000367e-07
0.12925,0.0,1.0,3.15949196823845e-07,8.456123822680689e-07
0.1295,0.0,1.0,2.431698014028366e-07,8.404181099495657e-07
0.12975,0.0,1.0,2.366487927072628e-07,8.437346291006437e-07
0.13,0.0,1.0,2.997594014709149e-07,7.955383495683137e-07
0.13025,0.0,1.0,2.650073887144617e-07,8.489461068464959e-07
0.1305,0.0,1.0,2.535252544400004e-07,8.440285518277969e-07
0.13075,0.0,1.0,2.522249489144977e-07,8.395606562345412e-07
0.131,0.0,1.0,1.8789369669854562e-07,8.034100677243608e-07
0.13125,0.0,1.0,3.4421457823571484e-07,8.462555616067265e-07
0.1315,0.0,1.0,3.4723677697679674e-07,8.97822958630627e-07
0.13175,0.0,1.0,2.6471625440387444e-07,9.039531879946224e-07
0.132,0.0,1.0,2.3703016787707204e-07,8.44753335045397e-07
0.13225,0.0,1.0,2.7667197006045354e-07,8.445569755145597e-07
0.1325,0.0,1.0,2.828191159832688e-07,7.737347327563801e-07
0.13275,0.0,1.0,2.0390925754642538e-07,7.844969452501919e-07
0.133,0.0,1.0,3.393649433507885e-07,8.090877522326487e-07
0.13325,0.0,1.0,2.7480372127523764e-07,7.898806027495605e-07
0.1335,0.0,1.0,2.50412281520883e-07,8.311456556434517e-07
0.13375,0.0,1.0,2.620009255549689e-07,7.728071925329841e-07
0.134,0.0,1.0,2.2321739901856913e-07,7.923197906937193e-07
0.13425,0.0,1.0,2.451306458249891e-07,8.717746132019135e-07
0.1345,0.0,1.0,2.6129590084147386e-07,8.250181929033491e-07
0.13475,0.0,1.0,3.125241011014236e-07,7.838622545246166e-07
0.135,0.0,1.0,2.539015415518492e-07,8.109632277456165e-07
0.13525,0.0,1.0,2.7915256579494216e-07,8.168738106170292e-07
0.1355,0.0,1.0,2.620727266563873e-07,8.47010651261292e-07
0.13575,0.0,1.0,2.982806623272246e-07,8.227796567034441e-07
0.136,0.0,1.0,2.477031477927919e-07,8.149433752373306e-07
0.13625,0.0,1.0,2.578390038291522e-07,8.59184062592418e-07
0.1365,0.0,1.0,2.854996509637586e-07,8.424158901408575e-07
0.13675,0.0,1.0,2.7180990825530603e-07,8.772422387584767e-07
0.137,0.0,1.0,2.694826303707066e-07,8.078814101931071e-07
0.13725,0.0,1.0,2.9600509979645483e-07,7.920161298111873e-07
0.1375,0.0,1.0,3.2193578398108664e-07,8.766548114005975e-07
0.13775,0.0,1.0,2.1694867635052966e-07,7.957219516325946e-07
0.138,0.0,1.0,2.5545680112789576e-07,8.755209819032792e-07
0.13825,0.0,1.0,3.458351988599804e-07,8.390344566875848e-07
0.1385,0.0,1.0,3.187924027652907e-07,8.660366330321037e-07
0.13875,0.0,1.0,2.830723656955132e-07,8.110448369257853e-07
0.139,0.0,1.0,2.757980076357217e-07,8.477353747654377e-07
0.13925,0.0,1.0,2.8304526930384255e-07,8.980075135542489e-07
0.1395,0.0,1.0,2.5557008428389717e-07,8.399884122552333e-07
0.13975,0.0,1.0,2.798861719933475e-07,9.000366890216231e-07
0.14,0.0,1.0,2.812568162180668e-07,8.610969305535891e-07
0.14025,0.0,1.0,3.0614212526389035e-07,8.690029693260663e-07
0.1405,0.0,1.0,2.447053082124952e-07,9.282567354140963e-07
0.14075000000000001,0.0,1.0,2.971906285379256e-07,8.015200188829049e-07
0.14100000000000001,0.0,1.0,3.273041309815345e-07,9.027740982046994e-07
0.14125000000000001,0.0,1.0,3.653507606642307e-07,8.996580815494276e-07
0.14150000000000001,0.0,1.0,2.96141281243509e-07,8.616797728815315e-07
0.14175000000000001,0.0,1.0,2.551130408108894e-07,8.352821469451765e-07
0.14200000000000002,0.0,1.0,3.1562965662280347e-07,7.952881661084351e-07
0.14225000000000002,0.0,1.0,2.785793101344475e-07,8.625919378667915e-07
0.14250000000000002,0.0,1.0,3.1754063083651124e-07,8.786627977197068e-07
0.14275000000000002,0.0,1.0,2.390760942688752e-07,8.757871205899185e-07
0.14300000000000002,0.0,1.0,2.5755929060883146e-07,7.95403455459095e-07
0.14325000000000002,0.0,1.0,2.899200390829926e-07,8.874750731219612e-07
0.14350000000000002,0.0,1.0,2.413725758061028e-07,9.013540243993157e-07
0.14375000000000002,0.0,1.0,3.029193770467764e-07,8.883750055077722e-07
0.14400000000000002,0.0,1.0,2.689681997581773e-07,8.95741939021532e-07
0.14425,0.0,1.0,2.832811907741199e-07,8.888255029089796e-07
0.1445,0.0,1.0,3.5050774103981223e-07,8.769860796199407e-07
0.14475,0.0,1.0,2.6821859679582636e-07,8.275740307716036e-07
0.145,0.0,1.0,3.430877110867145e-07,8.762730804447072e-07
0.14525,0.0,1.0,2.6974979322746755e-07,9.420210254412058e-07
0.1455,0.0,1.0,3.0606661061175787e-07,8.754470625205799e-07
0.14575,0.0,1.0,2.8597412593195673e-07,9.2692598821862e-07
0.146,0.0,1.0,2.8131505407245164e-07,8.937467721185773e-07
0.14625,0.0,1.0,2.7730418688116284e-07,8.939611930894802e-07
0.1465,0.0,1.0,3.2574139803241134e-07,8.97395816581111e-07
0.14675,0.0,1.0,3.1909799914552453e-07,8.911209961247811e-07
0.147,0.0,1.0,3.568364821893327e-07,8.712082349738658e-07
0.14725,0.0,1.0,2.935642282134761e-07,8.416593588310817e-07
0.1475,0.0,1.0,2.9575859786670925e-07,8.970415253830096e-07
0.14775,0.0,1.0,3.3887494569802017e-07,8.795944544553291e-07
0.148,0.0,1.0,2.75552900358501e-07,8.466935057744194e-07
0.14825,0.0,1.0,2.9525628426553655e-07,8.713672090191229e-07
0.1485,0.0,1.0,2.9927928030135685e-07,8.810465089252198e-07
0.14875,0.0,1.0,3.4587568871419907e-07,8.945794506760843e-07
0.149,0.0,1.0,2.959557727953756e-07,8.681581261896426e-07
0.14925,0.0,1.0,2.700990001132833e-07,8.524807966685794e-07
0.1495,0.0,1.0,2.645215149799899e-07,8.285981984994296e-07
0.14975,0.0,1.0,2.623800990740885e-07,8.724432913005504e-07
0.15,0.0,1.0,3.397165306912865e-07,8.966122376732219e-07
0.15025,0.0,1.0,2.659796212419356e-07,8.891458333977453e-07
0.1505,0.0,1.0,3.241174494016323e-07,8.570223618782076e-07
0.15075,0.0,1.0,2.3112563296826326e-07,8.167192448110394e-07
0.151,0.0,1.0,3.1395034592757017e-07,8.792888989622465e-07
0.15125,0.0,1.0,3.0642737797438746e-07,8.253778879347077e-07
0.1515,0.0,1.0,3.419808059092235e-07,8.397077704804069e-07
0.15175,0.0,1.0,2.520417963343496e-07,9.140092334642532e-07
0.152,0.0,1.0,2.969503082967095e-07,8.736379585537282e-07
0.15225,0.0,1.0,2.68046695826733e-07,8.382158831593948e-07
0.1525,0.0,1.0,2.6824913049976575e-07,9.028874033665779e-07
0.15275,0.0,1.0,3.1333175355014125e-07,8.500131691794402e-07
0.153,0.0,1.0,2.2511488725025933e-07,8.42968438837006e-07
0.15325,0.0,1.0,2.6341822050590235e-07,8.636548843965532e-07
0.1535,0.0,1.0,2.3461030175088268e-07,8.659633513252981e-07
0.15375,0.0,1.0,2.1786632232280296e-07,8.875508361472401e-07
0.154,0.0,1.0,3.1407967941288554e-07,8.800342807857378e-07
0.15425,0.0,1.0,2.532870396195183e-07,8.202286842419303e-07
0.1545,0.0,1.0,2.9744576069071035e-07,7.442950030073547e-07
0.15475,0.0,1.0,3.177294234635343e-07,8.608981410954756e-07
0.155,0.0,1.0,2.4281674592875373e-07,8.453036782097632e-07
0.15525,0.0,1.0,3.2986980650882017e-07,8.205301664409362e-07
0.1555,0.0,1.0,2.677443390121125e-07,8.132549522603885e-07
0.15575,0.0,1.0,2.5940836463970963e-07,8.301943845482239e-07
0.156,0.0,1.0,2.9447905720977744e-07,8.100724161520377e-07
0.15625,0.0,1.0,2.4328189249933415e-07,8.909788456331226e-07
0.1565,0.0,1.0,2.2772570813161207e-07,8.758524657158701e-07
0.15675,0.0,1.0,2.555938794779339e-07,8.218049490392707e-07
0.157,0.0,1.0,2.3358640936811751e-07,8.693706440848123e-07
0.15725,0.0,1.0,3.008591848447047e-07,8.347469556918484e-07
0.1575,0.0,1.0,2.337203327193019e-07,8.35056743793791e-07
0.15775,0.0,1.0,2.645940526252048e-07,8.793606798902326e-07
0.158,0.0,1.0,2.618748702105122e-07,8.369544468240654e-07
0.15825,0.0,1.0,2.3031120794633892e-07,8.629025899601363e-07
0.1585,0.0,1.0,2.744102759447953e-07,8.163328935568286e-07
0.15875,0.0,1.0,3.189527654492647e-07,8.156611775348797e-07
0.159,0.0,1.0,3.4853490630674056e-07,7.744428968841905e-07
0.15925,0.0,1.0,3.0908810620570665e-07,8.111361574245403e-07
0.1595,0.0,1.0,2.2558646045123806e-07,8.40736529096813e-07
0.15975,0.0,1.0,2.722483281587598e-07,8.373287455239557e-07
0.16,0.0,1.0,2.7392332795136767e-07,8.131539957645758e-07
0.16025,0.0,1.0,2.866292819130318e-07,8.421566753441291e-07
0.1605,0.0,1.0,3.02591852594474e-07,8.314438495020197e-07
0.16075,0.0,1.0,3.40329503360428e-07,8.892280326264243e-07
0.161,0.0,1.0,2.723213123631742e-07,8.374456174355846e-07
0.16125,0.0,1.0,2.871222565409496e-07,8.519445989225883e-07
0.1615,0.0,1.0,2.5859760182412566e-07,7.979444017847031e-07
0.16175,0.0,1.0,3.1126275214308406e-07,8.635371601154974e-07
0.162,0.0,1.0,2.7909784217605343e-07,8.166235902383963e-07
0.16225,0.0,1.0,2.592865357521672e-07,8.519475158804327e-07
0.1625,0.0,1.0,2.7381753541329856e-07,8.409505151645533e-07
0.16275,0.0,1.0,2.712796495761676e-07,8.583728386964557e-07
0.163,0.0,1.0,2.902045837148426e-07,8.436701901054629e-07
0.16325,0.0,1.0,2.638707095697126e-07,8.901782294101396e-07
0.1635,0.0,1.0,2.4728852427970535e-07,7.984814176149941e-07
0.16375,0.0,1.0,3.100951478908783e-07,8.352500842703199e-07
0.164,0.0,1.0,2.9525477678957565e-07,8.49706146412127e-07
0.16425,0.0,1.0,3.478731878074922e-07,8.726469426110197e-07
0.1645,0.0,1.0,3.0955153858974657e-07,9.009035932029501e-07
0.16475,0.0,1.0,2.8751042149773107e-07,8.738681911886919e-07
0.165,0.0,1.0,2.529535218479659e-07,8.921487194096115e-07
0.16525,0.0,1.0,3.131862205207043e-07,8.308641497668651e-07
0.1655,0.0,1.0,2.923057280928826e-07,8.121283351915795e-07
0.16575,0.0,1.0,3.0982186279307995e-07,8.959493930184173e-07
0.166,0.0,1.0,2.7356409217190014e-07,8.869856367209605e-07
0.16625,0.0,1.0,3.2607796322044926e-07,8.699516183253999e-07
0.1665,0.0,1.0,3.285155278204235e-07,8.511008816352635e-07
0.16675,0.0,1.0,2.610568207813024e-07,8.821263652256686e-07
0.167,0.0,1.0,3.3485768372186057e-07,9.168129676178213e-07
0.16725,0.0,1.0,3.137214675907423e-07,8.182055850570753e-07
0.1675,0.0,1.0,2.8078493029979815e-07,8.898364850099975e-07
0.16775,0.0,1.0,2.495800286727542e-07,8.486416217635515e-07
0.168,0.0,1.0,2.600036036419848e-07,8.320341869183463e-07
0.16825,0.0,1.0,2.7293069713846885e-07,8.87731956538368e-07
0.1685,0.0,1.0,3.3255303557102636e-07,9.219018935734317e-07
0.16875,0.0,1.0,2.694996157082033e-07,8.989509670908126e-07
0.169,0.0,1.0,3.18987769322154e-07,8.77466286236403e-07
0.16925,0.0,1.0,2.7473560974039175e-07,8.792385373796778e-07
0.1695,0.0,1.0,2.873514819474013e-07,8.716709077768223e-07
0.16975,0.0,1.0,2.675677273048605e-07,8.873243817812193e-07
0.17,0.0,1.0,3.083351848123293e-07,8.378665751303274e-07
0.17025,0.0,1.0,3.167355804873661e-07,8.737436291686165e-07
0.1705,0.0,1.0,3.428026216310071e-07,8.99033675252699e-07
0.17075,0.0,1.0,2.820942987545e-07,8.769809936749153e-07
0.171,0.0,1.0,2.9869828855085224e-07,8.33595981300737e-07
0.17125,0.0,1.0,2.50593586587448e-07,8.354852080664376e-07
0.1715,0.0,1.0,2.7751012531747296e-07,8.163283318947006e-07
0.17175,0.0,1.0,2.8312888095390636e-07,8.942687367116187e-07
0.17200000000000001,0.0,1.0,2.637223806042427e-07,8.565618113683877e-07
0.17225000000000001,0.0,1.0,2.69445514698801e-07,9.042956719008187e-07
0.17250000000000001,0.0,1.0,2.715667455416303e-07,8.754950513194169e-07
0.17275000000000001,0.0,1.0,2.9205959343586917e-07,8.11105305143677e-07
0.17300000000000001,0.0,1.0,2.820814331281189e-07,8.604328784725477e-07
0.17325000000000002,0.0,1.0,3.0555756609949345e-07,8.519228870903272e-07
0.17350000000000002,0.0,1.0,2.9117875372384706e-07,8.53919047211774e-07
0.17375000000000002,0.0,1.0,2.932061608696169e-07,8.613970181605331e-07
0.17400000000000002,0.0,1.0,2.3305646858925848e-07,8.731899088828938e-07
0.17425000000000002,0.0,1.0,2.3555310812262418e-07,8.935185293678896e-07
0.17450000000000002,0.0,1.0,2.6029040793209364e-07,8.755555830666354e-07
0.17475000000000002,0.0,1.0,2.992132509343454e-07,8.436506712257944e-07
0.17500000000000002,0.0,1.0,3.0498021288057015e-07,8.566421656317785e-07
0.17525000000000002,0.0,1.0,2.5028880051729947e-07,8.533141803529656e-07
0.17550000000000002,0.0,1.0,2.2214348341998433e-07,8.754724947263979e-07
0.17575000000000002,0.0,1.0,2.8805972252592545e-07,8.190042392698774e-07
0.176,0.0,1.0,2.893104818465543e-07,8.586892289243267e-07
0.17625,0.0,1.0,2.7354434151570317e-07,8.853241098698377e-07
0.1765,0.0,1.0,2.6014564473585313e-07,8.484794614878494e-07
0.17675,0.0,1.0,2.651549504263933e-07,8.515752447901151e-07
0.177,0.0,1.0,2.610777100527113e-07,8.03963322399115e-07
0.17725,0.0,1.0,2.905967425139823e-07,8.548901150408314e-07
0.1775,0.0,1.0,2.7765627475811344e-07,8.002755837775121e-07
0.17775,0.0,1.0,2.7352270134319274e-07,8.578664550143129e-07
0.178,0.0,1.0,2.6833803154377867e-07,8.411911701774145e-07
0.17825,0.0,1.0,2.717257468036685e-07,8.615450288811238e-07
0.1785,0.0,1.0,2.519487303024508e-07,7.994525960770875e-07
0.17875,0.0,1.0,2.3474626572695775e-07,8.600179199267294e-07
0.179,0.0,1.0,2.822822646370586e-07,8.744127092620834e-07
0.17925,0.0,1.0,2.5091258049760814e-07,8.3545310856349e-07
0.1795,0.0,1.0,2.5111330806101656e-07,7.697674768200984e-07
0.17975,0.0,1.0,2.644620195808307e-07,8.195229211739344e-07
0.18,0.0,1.0,2.3160735935751992e-07,8.194683555313218e-07
0.18025,0.0,1.0,2.90497630468404e-07,8.72173110367126e-07
0.1805,0.0,1.0,2.609531217175276e-07,9.185520230148917e-07
0.18075,0.0,1.0,2.819483337507997e-07,8.466225449950439e-07
0.181,0.0,1.0,2.9871391356784577e-07,8.183645191564573e-07
0.18125,0.0,1.0,3.1024378932031423e-07,8.777257891078986e-07
0.1815,0.0,1.0,2.672541116287647e-07,7.977292991128155e-07
0.18175,0.0,1.0,2.5028984509279994e-07,8.425477903443402e-07
0.182,0.0,1.0,3.005035640111687e-07,8.695621630138423e-07
0.18225,0.0,1.0,2.762365398430938e-07,8.242985212528024e-07
0.1825,0.0,1.0,3.0183047408831877e-07,8.156717737585821e-07
0.18275,0.0,1.0,2.8547679642156196e-07,8.174665880447178e-07
0.183,0.0,1.0,3.1135074985064756e-07,8.522574596300275e-07
0.18325,0.0,1.0,2.8277088996343204e-07,8.684790395960626e-07
0.1835,0.0,1.0,3.3279320808016404e-07,8.816833931612072e-07
0.18375,0.0,1.0,2.8908649378732865e-07,8.812080328057238e-07
0.184,0.0,1.0,2.602763297476693e-07,8.602526820586167e-07
0.18425,0.0,1.0,2.899147295725085e-07,8.232661478223826e-07
0.1845,0.0,1.0,2.853928040709893e-07,9.014089679495797e-07
0.18475,0.0,1.0,2.688855511493046e-07,8.443457901630083e-07
0.185,0.0,1.0,3.3688494617222073e-07,8.541418707033405e-07
0.18525,0.0,1.0,3.1695478787749394e-07,9.124213399140234e-07
0.1855,0.0,1.0,3.2417430156834244e-07,8.667830331663491e-07
0.18575,0.0,1.0,2.1115229835531016e-07,8.72101746769667e-07
0.186,0.0,1.0,3.1404240181941046e-07,8.400260128735053e-07
0.18625,0.0,1.0,2.7746002607281814e-07,8.601714646882572e-07
0.1865,0.0,1.0,3.2878605136000514e-07,8.589399275793224e-07
0.18675,0.0,1.0,2.651501682546466e-07,8.618590748057659e-07
0.187,0.0,1.0,3.0914921603873175e-07,8.599391893950969e-07
0.18725,0.0,1.0,3.4426858166611104e-07,9.515362365089525e-07
0.1875,0.0,1.0,2.70514980665931e-07,8.815530850500207e-07
0.18775,0.0,1.0,2.607479680054633e-07,8.647050244942802e-07
0.188,0.0,1.0,2.45927140415664e-07,8.718082057439409e-07
0.18825,0.0,1.0,3.115698551484995e-07,8.559208728978203e-07
0.1885,0.0,1.0,2.9839383473126567e-07,8.664004902396516e-07
0.18875,0.0,1.0,3.4071599626474436e-07,9.030661768727103e-07
0.189,0.0,1.0,2.756925502417734e-07,8.988354110174346e-07
0.18925,0.0,1.0,2.879715293836874e-07,8.97328459403994e-07
0.1895,0.0,1.0,3.1390968329835745e-07,8.684106728674556e-07
0.18975,0.0,1.0,2.237815280327265e-07,8.661075004278228e-07
0.19,0.0,1.0,3.086645586978222e-07,8.021288258781404e-07
0.19025,0.0,1.0,2.562904224255228e-07,9.097560186311553e-07
0.1905,0.0,1.0,3.1858522788174525e-07,8.676342053055606e-07
0.19075,0.0,1.0,2.80221457078225e-07,8.872097693934611e-07
0.191,0.0,1.0,2.735360135535376e-07,8.636134672071585e-07
0.19125,0.0,1.0,3.105704288887893e-07,8.900769721812519e-07
0.1915,0.0,1.0,3.0930087289543615e-07,8.712101150372639e-07
0.19175,0.0,1.0,3.348640465596866e-07,8.144255332669914e-07
0.192,0.0,1.0,3.144059350305913e-07,8.648429680849373e-07
0.19225,0.0,1.0,3.271788115151375e-07,8.33784881266574e-07
0.1925,0.0,1.0,2.8033091841007005e-07,8.558204643470048e-07
0.19275,0.0,1.0,2.820071365738055e-07,8.453655973599611e-07
0.193,0.0,1.0,3.2876975842912353e-07,8.767157363466491e-07
0.19325,0.0,1.0,2.4173240016384106e-07,8.504814660084286e-07
0.1935,0.0,1.0,2.660469267723905e-07,8.706382171424034e-07
0.19375,0.0,1.0,3.121246044127182e-07,8.397518245415219e-07
0.194,0.0,1.0,2.922538647747147e-07,8.572276849320797e-07
0.19425,0.0,1.0,3.2479851832787266e-07,8.818495519573405e-07
0.1945,0.0,1.0,2.7561151674345205e-07,8.432302141717028e-07
0.19475,0.0,1.0,3.376398402561919e-07,8.720852517416959e-07
0.195,0.0,1.0,2.6636304521873386e-07,8.548867482650775e-07
0.19525,0.0,1.0,2.2863363008274351e-07,8.457278263298279e-07
0.1955,0.0,1.0,2.772613782370216e-07,8.448392819348183e-07
0.19575,0.0,1.0,2.956097400889646e-07,8.39801325456474e-07
0.196,0.0,1.0,2.865750682188863e-07,8.38243133416421e-07
0.19625,0.0,1.0,2.9015109940770745e-07,8.837926309031565e-07
0.1965,0.0,1.0,2.712318501090181e-07,8.063639583113755e-07
0.19675,0.0,1.0,2.8433606707462153e-07,8.387911996859682e-07
0.197,0.0,1.0,2.7802700497026596e-07,8.190327871061763e-07
0.19725,0.0,1.0,3.5210996610721725e-07,8.533116977463445e-07
0.1975,0.0,1.0,3.112341276464127e-07,8.409772943693522e-07
0.19775,0.0,1.0,3.222724146644783e-07,7.992957681281022e-07
0.198,0.0,1.0,2.934650385664066e-07,8.881297607376911e-07
0.19825,0.0,1.0,3.1479239399818214e-07,8.903071890954266e-07
0.1985,0.0,1.0,2.951294317222339e-07,8.67448301594698e-07
0.19875,0.0,1.0,2.466480119296523e-07,8.82094936438951e-07
0.199,0.0,1.0,2.980811203729836e-07,8.890277707099269e-07
0.19925,0.0,1.0,2.643644484794538e-07,8.161885354694849e-07
0.1995,0.0,1.0,2.8845500834808345e-07,8.265669714743134e-07
0.19975,0.0,1.0,2.528144676185876e-07,8.556637506776395e-07
0.2,0.0,1.0,3.188489648914692e-07,8.655640295527197e-07
0.20025,0.0,1.0,2.8584343359684444e-07,8.509847544099399e-07
0.2005,0.0,1.0,2.222265369713529e-07,8.250378333040913e-07
0.20075,0.0,1.0,2.779899375179893e-07,8.83972014640458e-07
0.201,0.0,1.0,3.2143657431660293e-07,8.549480475880227e-07
0.20125,0.0,1.0,2.591551329118194e-07,8.204357544997482e-07
0.2015,0.0,1.0,2.4807848960944545e-07,8.583117787416202e-07
0.20175,0.0,1.0,2.689516952980109e-07,8.542293973853506e-07
0.202,0.0,1.0,2.9025916056370517e-07,8.742564139733957e-07
0.20225,0.0,1.0,2.7628012262589133e-07,8.091008301018941e-07
0.2025,0.0,1.0,3.0362917532936336e-07,8.614978208322788e-07
0.20275,0.0,1.0,3.4700660220942243e-07,8.369417787645849e-07
0.203,0.0,1.0,3.406855375730175e-07,8.887717642896579e-07
0.20325000000000001,0.0,1.0,3.272674682163666e-07,8.601015013358556e-07
0.20350000000000001,0.0,1.0,2.4278181834321085e-07,8.414001958544176e-07
0.20375000000000001,0.0,1.0,3.073539858229439e-07,8.480624796933625e-07
0.20400000000000001,0.0,1.0,2.578954839162783e-07,8.249571427215564e-07
0.20425000000000001,0.0,1.0,3.060814419843592e-07,8.38134890678392e-07
0.20450000000000002,0.0,1.0,2.412194475453687e-07,8.860157822559218e-07
0.20475000000000002,0.0,1.0,2.829425512718052e-07,8.415964596780995e-07
0.20500000000000002,0.0,1.0,2.8122545549036936e-07,8.223946358917206e-07
0.20525000000000002,0.0,1.0,2.981310380414151e-07,8.459589604662019e-07
0.20550000000000002,0.0,1.0,3.0991348366695717e-07,8.880622434601301e-07
0.20575000000000002,0.0,1.0,2.6304381305436985e-07,8.977622551427092e-07
0.20600000000000002,0.0,1.0,2.8168295704919647e-07,8.29196583555355e-07
0.20625000000000002,0.0,1.0,3.250756047920932e-07,8.845282222796666e-07
0.20650000000000002,0.0,1.0,2.4007753303750774e-07,8.729038978899698e-07
0.20675000000000002,0.0,1.0,3.1991793611165747e-07,8.202170653943632e-07
0.20700000000000002,0.0,1.0,3.3553382253055543e-07,8.353834522607404e-07
0.20725000000000002,0.0,1.0,2.0303607293603953e-07,8.769651062950351e-07
0.20750000000000002,0.0,1.0,3.2931978232862305e-07,8.998089468245371e-07
0.20775000000000002,0.0,1.0,2.8247452478225755e-07,8.739021090481674e-07
0.20800000000000002,0.0,1.0,2.798827716212222e-07,8.501696849677278e-07
0.20825,0.0,1.0,2.782507606725046e-07,8.762101483302255e-07
0.2085,0.0,1.0,2.7190829987872625e-07,8.664104703284627e-07
0.20875,0.0,1.0,2.549022745785488e-07,8.300416098557141e-07
0.209,0.0,1.0,2.950345079121491e-07,8.56937381793123e-07
0.20925,0.0,1.0,3.0051509265289086e-07,8.743851701242275e-07
0.2095,0.0,1.0,2.970505763964898e-07,9.00958059528045e-07
0.20975,0.0,1.0,2.6883043317108974e-07,8.339156866131154e-07
0.21,0.0,1.0,3.0414610508804657e-07,8.941794841012407e-07
0.21025,0.0,1.0,2.68939698832568e-07,8.501468692107418e-07
0.2105,0.0,1.0,3.078248911058151e-07,8.994253585276275e-07
0.21075,0.0,1.0,2.9180481901042196e-07,8.212217405947133e-07
0.211,0.0,1.0,3.353576662724172e-07,8.620638200552878e-07
0.21125,0.0,1.0,2.6453338102025725e-07,7.986451662850472e-07
0.2115,0.0,1.0,3.0284302654735983e-07,7.751577739947459e-07
0.21175,0.0,1.0,3.204214075504513e-07,8.903936143880435e-07
0.212,0.0,1.0,2.9872320070332796e-07,8.458461040203805e-07
0.21225,0.0,1.0,3.1256846533077387e-07,8.547932867373829e-07
0.2125,0.0,1.0,2.399903530073121e-07,8.952346183403924e-07
0.21275,0.0,1.0,2.8804175416221527e-07,8.353949573492675e-07
0.213,0.0,1.0,3.0757994862821885e-07,8.509893486315836e-07
0.21325,0.0,1.0,2.681749298622569e-07,8.781649930708971e-07
0.2135,0.0,1.0,2.3473690362213507e-07,8.776067575326708e-07
0.21375,0.0,1.0,3.1938838085904494e-07,8.203414317466374e-07
0.214,0.0,1.0,2.6149658816217226e-07,9.266817765197341e-07
0.21425,0.0,1.0,3.130504083054923e-07,8.412753752440292e-07
0.2145,0.0,1.0,2.9742470569371574e-07,7.821417045766236e-07
0.21475,0.0,1.0,2.7813514696298927e-07,8.336843325162133e-07
0.215,0.0,1.0,3.4780746259574103e-07,8.712240681505643e-07
0.21525,0.0,1.0,3.7640350639769395e-07,8.047868811454569e-07
0.2155,0.0,1.0,2.971626628952199e-07,8.473174562865609e-07
0.21575,0.0,1.0,2.754643899432965e-07,8.28182554052852e-07
0.216,0.0,1.0,3.047928753226908e-07,8.036696276684684e-07
0.21625,0.0,1.0,3.01759490050649e-07,8.439208667850611e-07
0.2165,0.0,1.0,3.4042198357059985e-07,8.558946992318465e-07
0.21675,0.0,1.0,3.203475707253337e-07,8.054302218384293e-07
0.217,0.0,1.0,2.3671727481956e-07,8.363350299942418e-07
0.21725,0.0,1.0,2.45148037914508e-07,9.029872767788757e-07
0.2175,0.0,1.0,2.8907701396912947e-07,8.486100580812072e-07
0.21775,0.0,1.0,2.998763922171686e-07,9.014750108500711e-07
0.218,0.0,1.0,2.3849948011770565e-07,8.605505522246332e-07
0.21825,0.0,1.0,3.5926698022486445e-07,8.539231330170705e-07
0.2185,0.0,1.0,2.975201881064305e-07,8.414974401251345e-07
0.21875,0.0,1.0,2.5696007408763646e-07,8.339992233170747e-07
0.219,0.0,1.0,2.93880712752206e-07,8.762750367626642e-07
0.21925,0.0,1.0,3.186329983790199e-07,8.417691681325428e-07
0.2195,0.0,1.0,2.321974276697585e-07,8.70598020680987e-07
0.21975,0.0,1.0,2.1381968207592168e-07,8.680287798916293e-07
0.22,0.0,1.0,2.9371614948687286e-07,8.538388456011961e-07
0.22025,0.0,1.0,2.716265961250874e-07,8.190043131866059e-07
0.2205,0.0,1.0,2.721684620750737e-07,8.780747924343284e-07
0.22075,0.0,1.0,2.5525624927616754e-07,8.238384326731611e-07
0.221,0.0,1.0,2.9867620766391615e-07,7.793718146257721e-07
0.22125,0.0,1.0,2.732093706696065e-07,8.425834816711146e-07
0.2215,0.0,1.0,3.209428374621442e-07,8.773754812789498e-07
0.22175,0.0,1.0,2.5430713603174795e-07,8.637131332295626e-07
0.222,0.0,1.0,3.008058410886598e-07,8.801911531888384e-07
0.22225,0.0,1.0,2.7649531714305643e-07,8.281398551416743e-07
0.2225,0.0,1.0,2.7203111313559446e-07,8.331625419145917e-07
0.22275,0.0,1.0,2.8232272921712933e-07,8.8649970555529e-07
0.223,0.0,1.0,1.9753004752536452e-07,7.85296954283161e-07
0.22325,0.0,1.0,2.8830941971763906e-07,8.395411905922305e-07
0.2235,0.0,1.0,2.963578824644688e-07,8.859939784479095e-07
0.22375,0.0,1.0,2.285157045269226e-07,8.493952183012767e-07
0.224,0.0,1.0,3.2699871650462306e-07,8.508610748748175e-07
0.22425,0.0,1.0,2.5442310404735074e-07,8.709478515455616e-07
0.2245,0.0,1.0,2.5724433756349497e-07,8.685275965134166e-07
0.22475,0.0,1.0,3.264792222979258e-07,8.875993524792361e-07
0.225,0.0,1.0,2.6294851048936424e-07,8.832606905225164e-07
0.22525,0.0,1.0,3.0462336616474147e-07,8.210006446805857e-07
0.2255,0.0,1.0,3.1859424419805937e-07,8.498064899865384e-07
0.22575,0.0,1.0,3.125459719629882e-07,8.921843336168442e-07
0.226,0.0,1.0,2.9223444369351843e-07,8.466543994742669e-07
0.22625,0.0,1.0,2.5893068563650545e-07,8.823609156923893e-07
0.2265,0.0,1.0,2.6506420867288375e-07,8.818028364122071e-07
0.22675,0.0,1.0,2.5511278678340395e-07,8.946699865807826e-07
0.227,0.0,1.0,2.254635349502997e-07,8.18893857535596e-07
0.22725,0.0,1.0,2.5389241184669373e-07,8.496768121793618e-07
0.2275,0.0,1.0,2.7680999212920834e-07,8.484806797165578e-07
0.22775,0.0,1.0,3.397947783138723e-07,8.590522243127299e-07
0.228,0.0,1.0,2.8140515383828836e-07,8.56505630649578e-07
0.22825,0.0,1.0,2.916067585054076e-07,8.988340985164184e-07
0.2285,0.0,1.0,2.648367743842901e-07,8.180390742282665e-07
0.22875,0.0,1.0,2.954047547023919e-07,8.912104464556482e-07
0.229,0.0,1.0,2.777705962053223e-07,8.299187984306772e-07
0.22925,0.0,1.0,3.022028541219584e-07,8.433818096864051e-07
0.2295,0.0,1.0,2.738987085924263e-07,8.927192574705178e-07
0.22975,0.0,1.0,2.9186767587819716e-07,8.359547621263165e-07
0.23,0.0,1.0,3.040591326329094e-07,8.494986420324098e-07
0.23025,0.0,1.0,3.134386917040058e-07,9.032819675443513e-07
0.2305,0.0,1.0,2.817534642070754e-07,8.501688571783281e-07
0.23075,0.0,1.0,3.2546656357709635e-07,8.520857003423488e-07
0.231,0.0,1.0,3.257299326013657e-07,8.788256608321259e-07
0.23125,0.0,1.0,3.046349199581526e-07,8.308444670768423e-07
0.2315,0.0,1.0,2.4711260300766137e-07,8.329791092709498e-07
0.23175,0.0,1.0,3.296430022097036e-07,8.678577947730129e-07
0.232,0.0,1.0,3.090950150868503e-07,8.793533569539643e-07
0.23225,0.0,1.0,2.7265537442527106e-07,8.867097508964091e-07
0.2325,0.0,1.0,2.7437812647519954e-07,8.471948587460144e-07
0.23275,0.0,1.0,2.97359084264443e-07,8.293105317873995e-07
0.233,0.0,1.0,2.2830018183640636e-07,9.18583618643967e-07
0.23325,0.0,1.0,2.4889249483732907e-07,8.259441666159187e-07
0.2335,0.0,1.0,3.136370526837072e-07,8.222691225759751e-07
0.23375,0.0,1.0,2.5667622166157323e-07,8.893781511970651e-07
0.234,0.0,1.0,3.099367445576859e-07,8.637184471709373e-07
0.23425,0.0,1.0,2.4723341422412473e-07,8.7097510284641e-07
0.23450000000000001,0.0,1.0,2.80186122567917e-07,8.452543460937395e-07
0.23475000000000001,0.0,1.0,2.894610788557384e-07,8.570125049089341e-07
0.23500000000000001,0.0,1.0,2.937784336206309e-07,8.580062583958972e-07
0.23525000000000001,0.0,1.0,2.9620529437627745e-07,8.322892861681484e-07
0.23550000000000001,0.0,1.0,2.666743574505492e-07,8.994074299744327e-07
0.23575000000000002,0.0,1.0,2.7694727940457357e-07,8.488218894423758e-07
0.23600000000000002,0.0,1.0,3.317210860004884e-07,8.870795148021304e-07
0.23625000000000002,0.0,1.0,2.7819389351371417e-07,8.064778255797723e-07
0.23650000000000002,0.0,1.0,2.6280986250411593e-07,8.461724773316721e-07
0.23675000000000002,0.0,1.0,2.5853029493510064e-07,8.541164656992548e-07
0.23700000000000002,0.0,1.0,3.0667910174265277e-07,8.788382765249711e-07
0.23725000000000002,0.0,1.0,3.046532986624573e-07,8.757624331037451e-07
0.23750000000000002,0.0,1.0,2.9537393208233076e-07,8.251739218694765e-07
0.23775000000000002,0.0,1.0,2.939585906687876e-07,8.68628468858344e-07
0.23800000000000002,0.0,1.0,3.066498434907483e-07,8.003610114134365e-07
0.23825000000000002,0.0,1.0,3.313011157285551e-07,8.733540840891217e-07
0.23850000000000002,0.0,1.0,3.061710708938528e-07,8.914704485367206e-07
0.23875000000000002,0.0,1.0,2.417696248019188e-07,8.490235425085978e-07
0.23900000000000002,0.0,1.0,2.697043570623232e-07,9.33770092808643e-07
0.23925000000000002,0.0,1.0,3.096816283632603e-07,7.671742244636704e-07
0.23950000000000002,0.0,1.0,2.968483735303261e-07,8.70767315236511e-07
0.23975000000000002,0.0,1.0,3.14665614086108e-07,8.291533686573323e-07
0.24,0.0,1.0,2.907061144536629e-07,8.370309919078509e-07
0.24025,0.0,1.0,2.597949354007995e-07,8.609560567356634e-07
0.2405,0.0,1.0,2.670763524471546e-07,8.665910122830184e-07
0.24075,0.0,1.0,2.625453349315225e-07,8.406056224625879e-07
0.241,0.0,1.0,2.5974003279110816e-07,8.799136222566138e-07
0.24125,0.0,1.0,2.0636544912783347e-07,8.659755020522315e-07
0.2415,0.0,1.0,3.102557422757212e-07,8.631513857841019e-07
0.24175,0.0,1.0,2.362537807946587e-07,8.887762648792271e-07
0.242,0.0,1.0,2.394325438502935e-07,8.81970637738155e-07
0.24225,0.0,1.0,2.8272931083063373e-07,8.834940056904543e-07
0.2425,0.0,1.0,2.95658105299724e-07,8.701091662442652e-07
0.24275,0.0,1.0,2.763381966571782e-07,8.695722166666266e-07
0.243,0.0,1.0,3.0080851567916665e-07,8.519403815426787e-07
0.24325,0.0,1.0,2.5282149495333704e-07,8.613664947253342e-07
0.2435,0.0,1.0,2.9093027843710376e-07,8.702609301368695e-07
0.24375,0.0,1.0,2.292649517101005e-07,8.357007898013045e-07
0.244,0.0,1.0,2.876443774564924e-07,8.333248861918967e-07
0.24425,0.0,1.0,3.2072187232914926e-07,8.303399358556022e-07
0.2445,0.0,1.0,2.9412529519947873e-07,8.267819574324647e-07
0.24475,0.0,1.0,3.254804954536924e-07,8.868922338253473e-07
0.245,0.0,1.0,2.6716917697027423e-07,8.474549166167235e-07
0.24525,0.0,1.0,2.7546928101961803e-07,8.478555504002987e-07
0.2455,0.0,1.0,3.292329416758906e-07,8.611596814784957e-07
0.24575,0.0,1.0,3.059746755066006e-07,8.478823033403945e-07
0.246,0.0,1.0,3.367337778661078e-07,8.514530627660383e-07
0.24625,0.0,1.0,2.6328394177617394e-07,8.503704514901062e-07
0.2465,0.0,1.0,2.21657477168428e-07,8.551573520012184e-07
0.24675,0.0,1.0,3.21525330086411e-07,9.021124362908826e-07
0.247,0.0,1.0,2.665556881801133e-07,8.419645247395908e-07
0.24725,0.0,1.0,3.274839067236328e-07,7.894445097501414e-07
0.2475,0.0,1.0,3.240871186978039e-07,8.176228699191204e-07
0.24775,0.0,1.0,3.233131404436834e-07,9.121966909869295e-07
0.248,0.0,1.0,2.578428615086457e-07,8.398242637040921e-07
0.24825,0.0,1.0,2.7464935865498584e-07,8.552074514607632e-07
0.2485,0.0,1.0,2.5087503482416885e-07,8.531477631753806e-07
0.24875,0.0,1.0,3.329873986837658e-07,8.526655604364413e-07
0.249,0.0,1.0,3.000522492488123e-07,8.265254894686941e-07
0.24925,0.0,1.0,3.4534815325536283e-07,8.419285054267576e-07
0.2495,0.0,1.0,2.971735397482253e-07,8.133175028744318e-07
0.24975,0.0,1.0,2.4157942410344543e-07,8.297063340764569e-07
0.25,0.0,1.0,2.971380512661304e-07,8.957742445107234e-07
